"","Assembled.Payload.Size","DYNRiskA.Score","Response.Size","Source.Ping.Time","Operating.System","Connection.State","Connection.Rate","Ingress.Router","Server.Response.Packet.Time","Packet.Size","Packet.TTL","Source.IP.Concurrent.Connection","Class"
"386126",59707,0.61057943,519255,288,"iOS","ESTABLISHED",498.2919536,"syd-tls-04",177,1339,69,27,0
"334491",66187,0.4242291,435258,304,"Android","ESTABLISHED",522.9541849,"mel-aus-01",131,1325,87,15,0
"272016",60856,0.762046609,412058,303,"Android","ESTABLISHED",412.840994,"syd-tls-04",154,1371,61,22,0
"159964",62005,0.565564402,481595,247,"Windows_OS","ESTABLISHED",23.71964917,"syd-tls-04",136,1322,72,16,0
"308715",57006,0.703500477,466830,248,"Windows_OS","ESTABLISHED",443.4922032,"syd-tls-04",181,1391,62,24,0
"474352",67249,0.646085948,705715,164,"Android","ESTABLISHED",872.1737491,"syd-tls-04",123,1370,53,25,0
"263714",56310,0.717988175,489539,336,"Windows_OS","ESTABLISHED",578.9528406,"syd-tls-04",190,1310,66,27,0
"435349",59150,0.429768681,602245,329,"Android","ESTABLISHED",597.6211882,"syd-tls-04",188,1374,63,16,0
"63069",66763,0.644744705,549524,312,"Windows_OS","ESTABLISHED",513.5208974,"syd-tls-04",169,1300,65,24,0
"383690",66047,0.370929622,675669,277,"Windows_OS","ESTABLISHED",399.6852041,"mel-aus-01",151,1321,51,17,0
"261157",62456,0.573417191,651813,205,"Android","ESTABLISHED",51.81007321,"syd-tls-04",225,1360,64,21,0
"478296",63759,0.414405643,489194,248,"Windows_OS","ESTABLISHED",478.5133223,"syd-tls-04",127,1390,59,15,0
"64097",61472,0.697949929,435046,250,"Android","ESTABLISHED",512.6802743,"syd-tls-04",157,1337,80,23,0
"19547",63984,0.680872597,542016,326,"Windows_OS","ESTABLISHED",858.3825205,"mel-aus-01",131,1299,84,26,0
"445779",58289,0.635713012,527231,401,"Windows_OS","ESTABLISHED",776.107098,"mel-aus-01",165,1326,73,29,0
"141873",61304,0.351249303,569372,302,"Android","ESTABLISHED",893.0975552,"mel-aus-01",171,1324,60,15,0
"81889",69632,0.41777226,436566,188,"Windows_OS","ESTABLISHED",493.2761848,"mel-aus-01",204,1358,51,22,0
"36837",57497,0.598412384,631088,168,"Windows_OS","ESTABLISHED",129.0075134,"syd-tls-04",183,1364,63,19,0
"122579",59275,0.557632238,385052,270,"Android","ESTABLISHED",209.2151272,"mel-aus-01",138,1327,48,14,0
"385505",65014,0.432535768,497549,239,"Windows_OS","ESTABLISHED",614.5009756,"mel-aus-01",197,1345,73,20,0
"260710",60484,0.660475659,390956,264,"Windows_OS","Others",941.1526104,"mel-aus-01",160,1359,76,27,0
"6323",54482,0.499252899,394720,240,"iOS","ESTABLISHED",460.5029738,"mel-aus-01",167,1349,55,13,0
"317581",64968,0.66670498,495319,219,"Windows_OS","ESTABLISHED",724.9722766,"mel-aus-01",168,1403,63,26,0
"242086",60434,0.579939298,456898,343,"Android","ESTABLISHED",193.8128917,"syd-tls-04",212,1289,59,22,0
"134139",67690,0.613684244,429852,239,"Android","ESTABLISHED",653.221999,"mel-aus-01",172,1367,57,26,0
"459171",61596,0.68392268,423029,292,"Windows_OS","ESTABLISHED",468.9148134,"mel-aus-01",164,1345,57,26,0
"424822",45255,0.712001495,498884,204,"Windows_OS","ESTABLISHED",711.516578,"syd-tls-04",195,1348,78,30,0
"330380",56051,0.400526733,567642,293,"Android","ESTABLISHED",741.3059733,"mel-aus-01",180,1348,70,15,0
"313077",72481,0.717548675,256164,251,"Windows_OS","ESTABLISHED",740.3890574,"syd-tls-04",91,1319,68,19,0
"336620",54630,0.653049946,450723,256,"Android","ESTABLISHED",119.0494893,"mel-aus-01",167,1382,69,16,0
"444805",58469,0.727679671,601730,313,"Windows_OS","ESTABLISHED",581.2447739,"syd-tls-04",145,1324,63,25,0
"156834",69755,0.629395061,445010,355,"Android","ESTABLISHED",619.5621983,"syd-tls-04",178,1410,76,25,0
"149133",52648,0.476403001,505225,289,"Android","ESTABLISHED",488.2207472,"mel-aus-01",122,1284,65,10,0
"201613",58174,0.409610765,503765,316,"Android","ESTABLISHED",829.7728321,"mel-aus-01",150,1365,71,14,0
"106738",54242,0.768694938,585114,241,"Windows_OS","ESTABLISHED",763.5497145,"mel-aus-01",145,1356,66,24,0
"167082",55351,0.684460401,513870,264,"Windows_OS","ESTABLISHED",167.1963949,"mel-aus-01",189,1420,58,27,0
"57922",53317,0.726724905,421049,219,"Windows_OS","ESTABLISHED",368.0845145,"syd-tls-04",155,1336,82,24,0
"29445",49767,0.751397423,623988,193,"Android","ESTABLISHED",616.6891444,"mel-aus-01",198,1379,73,27,0
"5779",66543,0.684386108,411660,154,"Windows_OS","ESTABLISHED",541.6441666,"mel-aus-01",181,1342,72,24,0
"215436",59641,0.472984592,437875,234,"Windows_OS","ESTABLISHED",426.1604827,"mel-aus-01",135,1380,55,13,0
"456966",67430,0.433834555,513624,259,"Android","ESTABLISHED",626.6463846,"mel-aus-01",175,1344,60,19,0
"199596",57251,0.671492085,497851,236,"Windows_OS","ESTABLISHED",630.2019662,"mel-aus-01",171,1393,76,28,0
"221795",66036,0.529948803,479439,320,"Android","ESTABLISHED",117.7752493,"mel-aus-01",170,1393,59,20,0
"336408",64802,0.521654505,499779,252,"Android","ESTABLISHED",178.4880055,"mel-aus-01",160,1321,63,18,0
"367074",68850,0.385345285,475512,223,"Android","ESTABLISHED",475.0900065,"mel-aus-01",233,1358,68,24,0
"249543",60678,0.653341429,500424,284,"Android","ESTABLISHED",542.4799586,"mel-aus-01",173,1341,88,26,0
"153238",78056,0.356448049,480384,329,"Windows_OS","ESTABLISHED",535.5948859,"mel-aus-01",142,1338,52,20,0
"409634",60159,0.406763337,436751,290,"Android","ESTABLISHED",435.6921611,"syd-tls-04",95,1333,72,13,0
"54462",64633,0.679709282,540238,256,"Android","ESTABLISHED",62.4506354,"mel-aus-01",217,1320,56,21,0
"420358",63522,0.506182771,411659,356,"Windows_OS","ESTABLISHED",325.3530589,"syd-tls-04",142,1381,75,14,0
"147046",63901,0.405758937,458299,263,"Windows_OS","ESTABLISHED",463.8063403,"mel-aus-01",183,1351,56,20,0
"410142",66148,0.391098138,442341,307,"Windows_OS","ESTABLISHED",711.5573704,"mel-aus-01",156,1360,59,17,0
"399987",56522,0.521941759,350406,255,"Android","ESTABLISHED",211.8516413,"syd-tls-04",180,1338,53,17,0
"492867",53840,0.734276006,513801,244,"Windows_OS","ESTABLISHED",646.3217642,"syd-tls-04",182,1290,52,25,0
"348425",66744,0.509097455,394765,328,"Windows_OS","ESTABLISHED",177.6858793,"mel-aus-01",162,1380,43,19,0
"38060",52190,0.445292609,538375,248,"Android","Others",372.5279772,"mel-aus-01",107,1310,70,13,0
"238891",57571,0.433735587,506615,328,"Windows_OS","Others",298.662428,"syd-tls-04",144,1396,65,14,0
"241627",NA,0.330474861,360756,293,"Android","ESTABLISHED",681.7551777,"mel-aus-01",122,1385,62,15,0
"57740",73187,0.605095542,593744,368,"Windows_OS","ESTABLISHED",572.8116278,"syd-tls-04",162,1331,58,24,0
"404235",65951,0.576121659,473595,303,"Android","ESTABLISHED",592.6724435,"mel-aus-01",206,1326,78,28,0
"212412",64999,0.604785315,565443,199,"Android","ESTABLISHED",665.8162571,"mel-aus-01",184,1314,76,29,0
"269250",62085,0.597640131,564123,295,"Windows_OS","Others",782.9093555,"mel-aus-01",206,1393,63,30,0
"478508",65547,0.415228016,533378,300,"Windows_OS","ESTABLISHED",299.0936499,"mel-aus-01",156,1372,73,18,0
"474097",55709,0.6681035,470503,335,"Windows_OS","ESTABLISHED",337.0526742,"mel-aus-01",215,1264,73,28,0
"187434",63448,0.572077445,616972,265,"Android","ESTABLISHED",453.2736165,"mel-aus-01",182,1338,50,29,0
"433618",65313,0.49646538,533068,272,"iOS","ESTABLISHED",260.1632629,"mel-aus-01",164,1319,50,19,0
"158497",72570,0.570630454,520822,268,"Android","ESTABLISHED",683.7536441,"syd-tls-04",171,1390,61,26,0
"146411",63537,0.345150189,502072,344,"Windows_OS","ESTABLISHED",764.4223864,"syd-tls-04",154,1304,85,17,0
"79255",51753,0.765257468,660365,295,"Android","ESTABLISHED",977.9302916,"syd-tls-04",127,1334,67,27,0
"247898",57071,0.756714057,626408,332,"Windows_OS","ESTABLISHED",467.3832914,"mel-aus-01",173,1327,66,23,0
"201043",69434,0.461726449,494784,307,"Windows_OS","ESTABLISHED",11.71887194,"syd-tls-04",160,1350,65,22,0
"474684",64046,0.626859058,536334,311,"iOS","ESTABLISHED",878.1533857,"syd-tls-04",146,1363,62,27,0
"422163",72084,0.500092912,445122,220,"Android","ESTABLISHED",156.026403,"mel-aus-01",189,1340,53,21,0
"205743",57669,0.76520717,413325,172,"Windows_OS","ESTABLISHED",409.5560348,"mel-aus-01",194,1342,53,23,0
"225780",59306,0.43703635,308429,301,"iOS","ESTABLISHED",609.6380765,"mel-aus-01",133,1350,73,13,0
"364198",70130,0.619727326,528851,235,"Android","ESTABLISHED",564.616,"mel-aus-01",174,1347,68,24,0
"361918",65237,0.691430221,440453,415,"Windows_OS","ESTABLISHED",333.3179429,"mel-aus-01",182,1313,51,22,0
"177706",71710,0.662394867,613987,189,"Android","ESTABLISHED",211.5604498,"syd-tls-04",143,1371,61,20,0
"462929",58377,0.798446337,487450,337,"Android","Others",210.5024492,"mel-aus-01",151,1320,53,20,0
"483874",64619,0.471033372,561715,225,"Android","ESTABLISHED",159.1100042,"syd-tls-04",195,1319,67,22,0
"60310",76382,0.344706892,638829,267,"Windows_OS","ESTABLISHED",601.8403651,"syd-tls-04",134,1337,56,18,0
"438928",68341,0.413883594,553845,278,"Windows_OS","ESTABLISHED",432.6636318,"syd-tls-04",179,1358,58,20,0
"493057",72001,0.531045782,340437,216,"Android","ESTABLISHED",740.6538852,"mel-aus-01",131,1359,67,28,0
"155389",74161,0.633810549,474947,241,"Windows_OS","ESTABLISHED",418.5904432,"syd-tls-04",171,1336,70,22,0
"171556",68707,0.415646597,610102,210,"Windows_OS","ESTABLISHED",401.373954,"mel-aus-01",162,1360,74,20,0
"356332",61090,0.679866461,708977,266,"Windows_OS","ESTABLISHED",904.4300983,"syd-tls-04",165,1354,61,27,0
"495161",61076,0.385901227,553046,237,"Android","ESTABLISHED",667.4777515,"mel-aus-01",99,1333,59,11,0
"323451",59114,0.265090815,407848,281,"Windows_OS","ESTABLISHED",1207.79088,"mel-aus-01",75,1347,67,9,0
"88328",58540,0.488588189,337524,250,"Android","ESTABLISHED",176.1929816,"mel-aus-01",138,1304,57,14,0
"317516",53098,0.485630085,510843,255,"Windows_OS","ESTABLISHED",344.714753,"mel-aus-01",131,1311,75,12,0
"480561",58906,0.451078296,505207,224,"Windows_OS","ESTABLISHED",624.7643337,"syd-tls-04",251,1378,56,22,0
"185221",56365,0.714049848,451785,271,"Windows_OS","ESTABLISHED",383.3381579,"syd-tls-04",182,1383,60,19,0
"313757",65335,0.618047487,401508,258,"iOS","ESTABLISHED",708.0143115,"syd-tls-04",171,1368,79,27,0
"327017",59007,0.528968375,545615,288,"Android","ESTABLISHED",219.5081604,"mel-aus-01",147,1355,73,16,0
"284243",61632,0.760797641,487572,263,"Android","ESTABLISHED",493.1909676,"mel-aus-01",184,1360,60,23,0
"33054",59253,0.755968259,519115,194,"Windows_OS","ESTABLISHED",486.4779107,"mel-aus-01",152,1429,73,22,0
"385827",76260,0.574115929,511087,264,"Windows_OS","ESTABLISHED",783.4940353,"syd-tls-04",95,1415,54,23,0
"442174",54984,0.735785309,463592,240,"Windows_OS","ESTABLISHED",767.4187764,"syd-tls-04",110,1344,60,26,0
"180558",70963,0.624394041,470326,308,"Windows_OS","ESTABLISHED",533.8116761,"syd-tls-04",191,1331,72,24,0
"156433",55103,0.514814363,537374,263,"Android","ESTABLISHED",194.6089284,"syd-tls-04",194,1298,64,17,0
"111371",55528,0.426733472,591347,191,"Android","ESTABLISHED",538.1699163,"syd-tls-04",102,1347,62,10,0
"274455",55800,0.480968452,711033,250,"Android","ESTABLISHED",444.9409385,"syd-tls-04",103,1356,65,10,0
"54316",58339,0.470623382,457020,262,"Windows_OS","ESTABLISHED",671.0135535,"mel-aus-01",124,1381,65,12,0
"92700",62488,0.401046471,301832,258,"Android","ESTABLISHED",591.5494198,"mel-aus-01",163,1395,67,18,0
"296750",60993,0.648841374,446873,285,"Windows_OS","ESTABLISHED",508.0075085,"mel-aus-01",196,1423,59,26,0
"437801",58132,0.571743485,481553,345,"Android","Others",864.839427,"syd-tls-04",160,1364,62,31,0
"29259",62379,0.486875146,699499,291,"Windows_OS","ESTABLISHED",339.0168425,"syd-tls-04",136,1336,55,16,0
"333102",63690,0.35755813,441825,293,"Android","ESTABLISHED",709.4650543,"mel-aus-01",171,1350,67,17,0
"317805",63741,0.50373346,514684,262,"Windows_OS","ESTABLISHED",483.3095909,"mel-aus-01",165,1397,74,16,0
"331335",57697,0.427232221,359453,250,"Windows_OS","Others",315.0976695,"syd-tls-04",106,1348,58,11,0
"2129",66824,0.646163517,405307,361,"Android","ESTABLISHED",446.9294773,"mel-aus-01",185,1329,64,23,0
"417763",51662,0.579466798,617484,324,"Android","ESTABLISHED",128.4836685,"mel-aus-01",181,1338,56,15,0
"307694",74474,0.512935342,580285,268,"Windows_OS","ESTABLISHED",159.1736154,"syd-tls-04",156,1382,54,20,0
"489695",69543,0.513126882,520747,282,"Android","ESTABLISHED",40.73331342,"syd-tls-04",151,1344,58,21,0
"124606",61717,0.695480922,529320,189,"Windows_OS","ESTABLISHED",595.8079305,"mel-aus-01",150,1314,52,26,0
"470024",79397,0.480784232,392817,232,"Windows_OS","Others",665.4600091,"mel-aus-01",168,1330,68,25,0
"113612",63556,0.679426414,503797,173,"Android","ESTABLISHED",599.1188801,"mel-aus-01",197,1345,53,26,0
"11194",80580,0.301728776,539780,240,"Android","ESTABLISHED",527.4168549,"syd-tls-04",139,1353,64,22,0
"451099",70030,0.462232849,442770,340,"Windows_OS","ESTABLISHED",325.968157,"mel-aus-01",203,1319,69,23,0
"159757",61211,0.602248464,477205,176,"Android","ESTABLISHED",46.88929233,"mel-aus-01",198,1326,58,20,0
"263745",61797,0.596186916,558304,223,"Windows_OS","ESTABLISHED",650.3195692,"mel-aus-01",159,1369,76,30,0
"287767",66230,0.436415982,397169,288,"Windows_OS","ESTABLISHED",162.1377406,"mel-aus-01",163,1385,49,19,0
"299177",77757,0.527685606,588422,219,"Android","ESTABLISHED",708.8662848,"mel-aus-01",140,1311,66,26,0
"336894",68355,0.588988808,336115,242,"Windows_OS","ESTABLISHED",475.5537642,"syd-tls-04",195,1285,55,26,0
"223723",57511,0.425597071,606363,270,"Windows_OS","ESTABLISHED",549.5699993,"syd-tls-04",112,1334,42,13,0
"446041",67228,0.622494428,646427,326,"Android","ESTABLISHED",551.0306757,"mel-aus-01",181,1375,64,27,0
"129873",62371,0.519650158,504998,219,"Windows_OS","ESTABLISHED",40.24702414,"mel-aus-01",193,1387,66,20,0
"354862",55130,0.646679949,518300,323,"Windows_OS","Others",781.5381072,"syd-tls-04",206,1348,72,31,0
"199196",55405,0.404353267,406522,215,"Windows_OS","ESTABLISHED",897.2332507,"mel-aus-01",174,1335,55,14,0
"175406",72547,0.661018219,453771,215,"Android","ESTABLISHED",457.8232406,"mel-aus-01",132,1329,63,21,0
"228775",58449,0.635830825,407879,337,"Windows_OS","ESTABLISHED",687.455187,"syd-tls-04",151,1350,68,28,0
"217356",65656,0.599969354,485530,119,"Android","ESTABLISHED",637.4458438,"mel-aus-01",202,1336,67,27,0
"119479",65663,0.566396066,636415,243,"Windows_OS","Others",908.0037589,"mel-aus-01",173,1322,61,30,0
"150824",75197,0.548768573,694005,345,"Windows_OS","ESTABLISHED",805.1489708,"syd-tls-04",94,1344,73,25,0
"313848",68137,0.363565337,468864,274,"Android","ESTABLISHED",480.6395512,"mel-aus-01",182,1327,52,21,0
"124142",63752,0.632527444,548182,226,"Windows_OS","ESTABLISHED",591.5935454,"mel-aus-01",179,1276,75,26,0
"442552",58473,0.475096835,492332,313,"Android","ESTABLISHED",372.0535846,"mel-aus-01",127,1307,47,14,0
"264370",59973,0.531190185,298857,330,"Windows_OS","ESTABLISHED",272.7043046,"mel-aus-01",226,1388,77,19,0
"430394",63497,0.464948526,560135,279,"Android","ESTABLISHED",369.9067024,"mel-aus-01",167,1365,68,18,0
"445102",58060,0.440199743,601973,217,"Windows_OS","ESTABLISHED",411.9868287,"mel-aus-01",137,1350,67,14,0
"352181",66225,0.574117637,601533,267,"Windows_OS","ESTABLISHED",163.6685206,"mel-aus-01",192,1345,73,22,0
"253060",65593,0.466913189,343146,260,"Windows_OS","ESTABLISHED",247.9384569,"mel-aus-01",121,1311,57,12,0
"440950",69920,0.37302912,548909,230,"Android","ESTABLISHED",500.6222901,"syd-tls-04",120,1333,53,17,0
"40578",56946,0.605202273,376647,221,"Android","Others",807.9418545,"mel-aus-01",177,1381,60,32,0
"491888",55952,0.405162634,445506,261,"Windows_OS","ESTABLISHED",515.1942307,"mel-aus-01",157,1357,52,14,0
"276241",56828,0.42713579,271936,325,"Windows_OS","ESTABLISHED",875.2371904,"mel-aus-01",140,1385,75,12,0
"335961",47372,0.581651466,619655,340,"Windows_OS","ESTABLISHED",271.4993889,"mel-aus-01",165,1318,58,13,0
"430932",61757,0.435501075,556626,344,"Android","ESTABLISHED",466.2550917,"mel-aus-01",149,1372,60,15,0
"447358",56710,0.527281037,613242,272,"Windows_OS","Others",41.14800687,"mel-aus-01",172,1337,59,17,0
"88632",61421,0.608607249,519464,275,"Android","ESTABLISHED",1021.780888,"mel-aus-01",99,1358,66,31,0
"12762",63867,0.699855836,457838,245,"Android","ESTABLISHED",1078.172114,"mel-aus-01",114,1356,52,27,0
"281367",58872,0.555728486,469517,168,"Android","ESTABLISHED",0.815589412,"syd-tls-04",143,1345,49,16,0
"36106",64129,0.659956832,523220,332,"Windows_OS","ESTABLISHED",177.923016,"syd-tls-04",174,1323,43,20,0
"141902",70326,0.455897901,521349,173,"Windows_OS","ESTABLISHED",273.6416827,"syd-tls-04",167,1378,63,21,0
"235363",56559,0.710840937,605814,233,"Windows_OS","ESTABLISHED",427.3623128,"mel-aus-01",183,1364,61,26,0
"458537",64449,0.384786523,362775,198,"Windows_OS","ESTABLISHED",529.8278614,"mel-aus-01",147,1332,44,16,0
"357111",59376,0.637451109,457068,220,"iOS","ESTABLISHED",744.1969274,"mel-aus-01",154,1376,59,28,0
"491291",69552,0.519787098,435066,236,"iOS","ESTABLISHED",263.1259047,"syd-tls-04",207,1337,75,27,0
"122942",60150,0.542959864,553452,261,"Android","ESTABLISHED",190.6625174,"mel-aus-01",165,1328,75,17,0
"404013",55777,0.532610172,522349,348,"Windows_OS","ESTABLISHED",279.6281111,"syd-tls-04",123,1360,66,14,0
"276740",65581,0.617611595,423286,217,"Android","ESTABLISHED",651.4482919,"mel-aus-01",160,1369,64,28,0
"84111",76998,0.554083835,480934,325,"Windows_OS","ESTABLISHED",689.0347106,"syd-tls-04",168,1369,49,25,0
"7179",61449,0.587210414,584506,297,"Windows_OS","ESTABLISHED",180.4360405,"mel-aus-01",180,1354,75,17,0
"243486",59090,0.449494454,445632,310,"Android","ESTABLISHED",350.0290976,"mel-aus-01",131,1316,71,14,0
"23329",72460,0.575322369,396796,179,"Android","ESTABLISHED",809.8370663,"mel-aus-01",130,1409,70,26,0
"478686",62195,0.720297016,446707,263,"Android","ESTABLISHED",669.435529,"mel-aus-01",173,1316,68,23,0
"457486",57830,0.726875787,595522,341,"Windows_OS","ESTABLISHED",542.0937677,"mel-aus-01",202,1327,42,24,0
"115914",58082,0.562847854,476519,286,"Android","ESTABLISHED",352.5884839,"syd-tls-04",184,1339,68,17,0
"233615",66899,0.697642654,559464,252,"Windows_OS","ESTABLISHED",466.4841215,"mel-aus-01",192,1392,59,22,0
"425511",68459,0.620066671,465290,267,"Windows_OS","ESTABLISHED",743.7230701,"mel-aus-01",126,1286,59,26,0
"9004",67793,0.429229969,529125,320,"Android","ESTABLISHED",366.4876083,"mel-aus-01",148,1305,68,18,0
"178615",56075,0.561149298,800602,310,"Android","ESTABLISHED",108.0373606,"mel-aus-01",214,1357,51,21,0
"86069",74858,0.428863387,518391,306,"Android","ESTABLISHED",452.1512366,"mel-aus-01",146,1328,50,20,0
"452933",50970,0.505423892,423183,241,"Windows_OS","ESTABLISHED",631.016287,"mel-aus-01",156,1339,60,13,0
"286537",69792,0.494498773,497707,285,"Windows_OS","ESTABLISHED",186.6347992,"mel-aus-01",229,1363,78,24,0
"180827",51883,0.543898112,463309,263,"Windows_OS","Others",269.5229559,"mel-aus-01",203,1351,62,19,0
"294377",65799,0.681514579,524603,325,"Android","ESTABLISHED",558.7617825,"mel-aus-01",157,1380,72,23,0
"282376",62474,0.485371392,557309,158,"Windows_OS","ESTABLISHED",346.6381874,"mel-aus-01",175,1313,56,19,0
"382008",69110,0.665581313,365142,296,"Android","ESTABLISHED",577.0986895,"syd-tls-04",119,1333,57,24,0
"83294",60965,0.692045374,599813,321,"Android","ESTABLISHED",872.7716676,"mel-aus-01",165,1361,53,28,0
"53453",59366,0.42221239,358507,299,"Android","ESTABLISHED",541.7462204,"mel-aus-01",143,1348,74,15,0
"2852",49272,0.759896058,458311,395,"Windows_OS","ESTABLISHED",726.2610925,"mel-aus-01",194,1314,82,29,0
"335488",68911,0.677638669,415315,303,"Windows_OS","ESTABLISHED",618.1698854,"mel-aus-01",140,1327,44,22,0
"465309",66822,0.509846716,410630,242,"Android","ESTABLISHED",137.9332921,"syd-tls-04",236,1367,55,24,0
"307907",64196,0.386256299,442463,247,"Windows_OS","ESTABLISHED",576.6030307,"mel-aus-01",143,1361,59,17,0
"239002",70164,0.669403547,334183,157,"Android","ESTABLISHED",675.0774339,"syd-tls-04",108,1320,58,21,0
"25050",57466,0.736584359,578377,218,"Windows_OS","ESTABLISHED",626.5704589,"mel-aus-01",169,1404,65,25,0
"88941",73242,0.539692375,625538,328,"Windows_OS","ESTABLISHED",410.6029533,"syd-tls-04",206,1392,61,26,0
"290024",55181,0.725747753,593671,280,"Windows_OS","ESTABLISHED",585.6755735,"mel-aus-01",168,1291,59,27,0
"284451",71119,0.466472035,656190,252,"Windows_OS","ESTABLISHED",55.31881135,"mel-aus-01",211,1307,64,28,0
"337198",62478,0.376793825,335231,296,"Android","ESTABLISHED",591.0450588,"syd-tls-04",174,1330,58,18,0
"64071",68096,0.426662831,686090,243,"Android","ESTABLISHED",456.3605066,"mel-aus-01",223,1345,67,23,0
"107850",64753,0.462172913,664569,244,"Windows_OS","ESTABLISHED",211.0561817,"mel-aus-01",210,1372,73,22,0
"266824",50144,0.621665962,423758,260,"Windows_OS","ESTABLISHED",56.91340363,"syd-tls-04",143,1326,55,14,0
"263410",59476,0.462660453,724455,295,"Android","ESTABLISHED",305.6327344,"mel-aus-01",124,1377,59,16,0
"18693",60409,0.572070956,358893,280,"iOS","ESTABLISHED",186.3872003,"mel-aus-01",183,1342,81,17,0
"3221",56252,0.581243856,469462,289,"Android","ESTABLISHED",114.1797033,"mel-aus-01",112,1345,73,13,0
"212157",61440,0.719319611,430401,291,"Windows_OS","ESTABLISHED",756.3941359,"mel-aus-01",117,1395,69,23,0
"325899",72758,0.519997188,520297,311,"Windows_OS","Others",877.6052236,"mel-aus-01",162,1330,53,29,0
"266047",59940,0.384434601,329689,308,"Android","ESTABLISHED",443.8008708,"mel-aus-01",130,1342,67,15,0
"66559",75158,0.306484792,548372,273,"Android","ESTABLISHED",759.605168,"mel-aus-01",157,1279,72,20,0
"348659",70160,0.50055706,565180,214,"iOS","Others",944.3682347,"syd-tls-04",157,1339,66,29,0
"340758",59483,0.426898034,805242,211,"Windows_OS","ESTABLISHED",661.8122771,"mel-aus-01",112,1307,60,11,0
"312930",54058,0.732823655,406363,277,"iOS","ESTABLISHED",564.0372582,"syd-tls-04",155,1339,67,27,0
"324816",66040,0.458445983,531140,300,"Windows_OS","ESTABLISHED",163.1458095,"syd-tls-04",208,1319,58,21,0
"46167",55290,0.794775923,289456,247,"Windows_OS","ESTABLISHED",520.5454813,"mel-aus-01",132,1312,58,24,0
"475572",64248,0.455550776,548095,266,"Windows_OS","ESTABLISHED",442.8464834,"syd-tls-04",152,1361,57,17,0
"49757",70911,0.575706739,575580,208,"Windows_OS","ESTABLISHED",25.77502756,"syd-tls-04",178,1392,56,21,0
"306991",66532,0.410455031,664300,272,"Android","ESTABLISHED",525.1075931,"syd-tls-04",155,1363,61,19,0
"129556",57766,0.494061411,378825,253,"Windows_OS","ESTABLISHED",301.519199,"mel-aus-01",83,1354,66,10,0
"316199",58144,0.414884555,360611,249,"Windows_OS","ESTABLISHED",715.5778297,"syd-tls-04",215,1322,61,17,0
"308266",60471,0.720792337,406653,250,"Windows_OS","Others",129.5486646,"syd-tls-04",170,1395,65,23,0
"145885",57646,0.685457851,504124,304,"Windows_OS","ESTABLISHED",866.8090363,"mel-aus-01",138,1386,61,29,0
"402542",63998,0.658137527,460909,237,"Windows_OS","ESTABLISHED",472.5725254,"syd-tls-04",187,1388,55,26,0
"181775",70192,0.454967116,368246,356,"Android","Others",677.6203703,"mel-aus-01",218,1351,48,23,0
"328269",65053,0.468512362,343913,260,"iOS","ESTABLISHED",269.2140949,"syd-tls-04",195,1321,73,21,0
"231986",58693,0.419230246,300443,207,"Android","ESTABLISHED",623.701467,"syd-tls-04",188,1318,60,17,0
"408683",67454,0.63441169,521661,282,"Android","ESTABLISHED",803.6794847,"mel-aus-01",177,1380,56,26,0
"420965",70783,0.487599611,422476,334,"iOS","ESTABLISHED",273.6729804,"mel-aus-01",195,1321,68,23,0
"314186",57446,0.718128186,498241,185,"Windows_OS","ESTABLISHED",311.8885994,"syd-tls-04",230,1339,68,25,0
"44294",67117,0.541820892,564628,260,"Android","ESTABLISHED",0.406620308,"syd-tls-04",192,1331,78,21,0
"72005",53518,0.337615731,307814,268,"Android","Others",647.0598439,"mel-aus-01",125,1350,74,12,0
"64740",67471,0.562551101,730549,325,"Windows_OS","ESTABLISHED",689.2010163,"syd-tls-04",98,1358,77,26,0
"102277",59382,0.623786143,565600,283,"Windows_OS","ESTABLISHED",761.8609342,"mel-aus-01",167,1337,68,28,0
"308789",71755,0.499366259,438194,272,"Windows_OS","ESTABLISHED",145.7266777,"syd-tls-04",200,1344,58,23,0
"11497",65452,0.6655706,539196,236,"Windows_OS","ESTABLISHED",471.8376633,"mel-aus-01",174,1316,55,24,0
"430513",60957,0.671374872,524709,231,"Android","ESTABLISHED",459.4732011,"syd-tls-04",167,1334,54,25,0
"195158",62521,0.703872887,492172,248,"Windows_OS","ESTABLISHED",446.2650074,"syd-tls-04",149,1353,54,22,0
"45944",53318,0.510304935,457952,281,"Android","ESTABLISHED",219.4887586,"syd-tls-04",209,1331,50,19,0
"232950",70237,0.511295874,550050,330,"Windows_OS","ESTABLISHED",94.5703376,"mel-aus-01",158,1405,74,19,0
"298321",76444,0.515965513,614591,317,"iOS","ESTABLISHED",696.825159,"mel-aus-01",177,1357,61,28,0
"4507",66775,0.466706765,409581,219,"Android","ESTABLISHED",52.68926257,"syd-tls-04",170,1323,57,21,0
"209635",67564,0.640515108,658957,263,"Windows_OS","ESTABLISHED",303.3552821,"syd-tls-04",212,1364,72,24,0
"110617",65666,0.358600642,379126,238,"Windows_OS","ESTABLISHED",617.1508455,"syd-tls-04",169,1314,58,18,0
"456144",57447,0.451203054,484466,244,"Android","ESTABLISHED",392.8139289,"mel-aus-01",188,1361,54,18,0
"44970",63374,0.657832559,392456,299,"Android","ESTABLISHED",557.1952905,"syd-tls-04",163,1357,63,26,0
"355200",64824,0.465916199,560179,260,"Android","ESTABLISHED",438.2451889,"syd-tls-04",177,1309,73,19,0
"265767",55208,0.69794969,233791,262,"Windows_OS","ESTABLISHED",482.3483257,"mel-aus-01",167,1330,63,25,0
"198597",62794,0.736144358,543918,309,"Android","ESTABLISHED",446.5240082,"syd-tls-04",202,1328,63,24,0
"5789",62855,0.352026812,448324,320,"Android","ESTABLISHED",698.6587023,"mel-aus-01",110,1372,76,13,0
"478888",60056,0.548208074,409953,354,"Android","ESTABLISHED",5.998662734,"mel-aus-01",232,1403,53,22,0
"460920",54847,0.682612584,397730,252,"iOS","ESTABLISHED",650.4891371,"syd-tls-04",147,1366,63,29,0
"87982",56932,0.572812467,471662,289,"Windows_OS","ESTABLISHED",103.3204274,"syd-tls-04",187,1281,63,18,0
"469542",55797,0.739924306,628631,193,"Android","ESTABLISHED",517.1453788,"syd-tls-04",194,1319,76,26,0
"50270",57278,0.690271812,510158,263,"Windows_OS","ESTABLISHED",860.2689679,"syd-tls-04",132,1359,73,27,0
"42985",49387,0.829984893,537040,168,"Windows_OS","ESTABLISHED",390.6554291,"mel-aus-01",204,1370,66,24,0
"320216",52840,0.700876151,367984,301,"iOS","ESTABLISHED",861.1048328,"syd-tls-04",190,1334,49,31,0
"123585",56909,0.697135404,660069,275,"Android","ESTABLISHED",780.9430372,"mel-aus-01",142,1361,73,27,0
"139767",67651,0.598672038,431505,305,"Windows_OS","Others",890.4414871,"mel-aus-01",210,1374,62,29,0
"171193",56346,0.644120536,613778,212,"Windows_OS","ESTABLISHED",817.4364197,"mel-aus-01",100,1322,81,29,0
"404629",65651,0.694170238,464376,339,"Android","ESTABLISHED",305.5426405,"mel-aus-01",131,1416,56,22,0
"146793",54627,0.712626165,401017,187,"Windows_OS","ESTABLISHED",496.7034665,"mel-aus-01",199,1336,60,27,0
"217252",56596,0.378234638,739211,389,"Windows_OS","ESTABLISHED",900.2539669,"mel-aus-01",146,1375,71,12,0
"155145",54115,0.67357109,544048,322,"Android","ESTABLISHED",605.3718708,"mel-aus-01",156,1376,62,28,0
"429463",59224,0.450374754,591236,342,"Android","ESTABLISHED",263.953244,"mel-aus-01",202,1331,71,19,0
"175725",62985,0.462479001,503608,228,"Windows_OS","ESTABLISHED",483.3578031,"mel-aus-01",116,1366,66,14,0
"218163",66048,0.572646833,594118,313,"Windows_OS","Others",991.2283184,"mel-aus-01",139,1363,82,29,0
"397669",75767,0.620023196,470182,257,"Android","ESTABLISHED",572.1628295,"syd-tls-04",158,1339,49,21,0
"100425",64227,0.319087687,544810,222,"Windows_OS","ESTABLISHED",823.6661495,"syd-tls-04",143,1333,55,14,0
"36379",64543,0.703679763,581952,237,"Windows_OS","ESTABLISHED",610.189676,"mel-aus-01",159,1367,65,24,0
"222287",57830,0.609520877,532086,324,"Windows_OS","Others",875.24395,"mel-aus-01",170,1381,76,31,0
"443271",64562,0.661083398,448148,260,"Android","ESTABLISHED",616.010503,"mel-aus-01",172,1384,43,25,0
"497918",65676,0.421143909,678302,248,"Windows_OS","ESTABLISHED",481.9067961,"syd-tls-04",96,1371,56,14,0
"413229",64137,0.587080174,414433,326,"Windows_OS","Others",778.6814561,"syd-tls-04",183,1340,58,30,0
"284656",76143,0.591009208,434820,240,"Android","ESTABLISHED",343.6888786,"mel-aus-01",145,1390,72,22,0
"25636",55039,0.32665973,503832,297,"Android","ESTABLISHED",1029.44666,"mel-aus-01",152,1409,58,10,0
"84895",54287,0.664106178,305966,269,"Windows_OS","ESTABLISHED",122.1866577,"syd-tls-04",202,1387,69,19,0
"152706",56338,0.679956993,406237,286,"Android","ESTABLISHED",675.2279967,"mel-aus-01",203,1326,71,28,0
"365511",NA,0.532900107,484318,251,"Windows_OS","ESTABLISHED",258.8337364,"syd-tls-04",221,1297,65,21,0
"275042",59628,0.723842201,475189,294,"Windows_OS","ESTABLISHED",407.632224,"mel-aus-01",211,1369,44,24,0
"85821",63228,0.637504276,718385,300,"Windows_OS","ESTABLISHED",341.9580012,"mel-aus-01",188,1324,58,27,0
"236315",65680,0.428573668,441744,273,"Android","ESTABLISHED",504.0449948,"syd-tls-04",136,1294,58,16,0
"141303",67309,0.629771388,650116,248,"Windows_OS","ESTABLISHED",762.1650607,"mel-aus-01",194,1345,70,27,0
"112204",50703,0.401929458,361143,267,"Windows_OS","Others",620.5918353,"mel-aus-01",126,1369,59,10,0
"358274",48960,0.660645203,652037,280,"Windows_OS","ESTABLISHED",622.5438076,"syd-tls-04",180,1392,66,31,0
"71333",51636,0.191764225,528356,395,"Android","Others",1202.030332,"syd-tls-04",108,1308,53,9,0
"333817",74643,0.629440917,594819,235,"Windows_OS","ESTABLISHED",676.2707395,"syd-tls-04",176,1342,76,23,0
"94492",57707,0.7283884,161711,327,"Windows_OS","ESTABLISHED",262.5141308,"syd-tls-04",190,1379,46,23,0
"328609",70077,0.482543425,202949,144,"Android","ESTABLISHED",84.75853833,"syd-tls-04",202,1369,46,22,0
"186072",71892,0.525801559,478170,340,"Windows_OS","ESTABLISHED",622.454789,"syd-tls-04",134,1335,56,26,0
"236901",73319,0.552618358,406010,307,"iOS","ESTABLISHED",653.9099396,"syd-tls-04",167,1361,72,26,0
"73771",62720,0.388038213,553387,224,"Windows_OS","ESTABLISHED",813.2589193,"mel-aus-01",121,1392,64,13,0
"176133",60095,0.4380619,578701,291,"Windows_OS","ESTABLISHED",518.9835496,"syd-tls-04",140,1337,61,15,0
"492438",74372,0.588077469,448409,179,"Android","ESTABLISHED",381.717326,"mel-aus-01",180,1362,61,25,0
"459696",63039,0.580120682,432697,269,"Android","ESTABLISHED",162.1535476,"mel-aus-01",219,1394,63,23,0
"493160",61236,0.640557254,326709,253,"Windows_OS","Others",1073.863014,"mel-aus-01",160,1337,69,28,0
"241173",56423,0.740534737,498431,253,"Android","ESTABLISHED",545.3336524,"syd-tls-04",97,1331,48,24,0
"32075",53517,0.536906346,660767,288,"Windows_OS","ESTABLISHED",237.9319977,"syd-tls-04",184,1326,69,16,0
"394700",56531,0.341895439,445053,281,"Windows_OS","ESTABLISHED",723.3382978,"mel-aus-01",145,1333,72,14,0
"35894",60701,0.51213621,305038,142,"Android","ESTABLISHED",59.10616622,"mel-aus-01",152,1374,55,17,0
"468466",71317,0.58362416,453439,254,"Android","ESTABLISHED",610.9702814,"syd-tls-04",193,1439,65,25,0
"413681",57023,0.486499367,607382,256,"Windows_OS","ESTABLISHED",202.8172896,"mel-aus-01",187,1342,32,19,0
"125319",58228,0.660364466,390654,216,"Android","ESTABLISHED",611.3727836,"mel-aus-01",139,1334,74,26,0
"383240",65634,0.585099834,822051,313,"Android","ESTABLISHED",591.1516375,"syd-tls-04",190,1323,60,29,0
"86781",64461,0.618102587,681010,337,"Windows_OS","ESTABLISHED",659.9646209,"syd-tls-04",207,1339,61,27,0
"217985",66287,0.510993265,569637,301,"Android","ESTABLISHED",370.7767378,"syd-tls-04",194,1326,58,22,0
"126013",63457,0.502104459,439794,187,"Android","ESTABLISHED",319.4036337,"mel-aus-01",167,1339,59,18,0
"227734",66123,0.475719407,632002,207,"Android","ESTABLISHED",0.021423591,"mel-aus-01",186,1304,87,22,0
"45024",61132,0.494309526,408300,226,"Android","ESTABLISHED",398.8163959,"mel-aus-01",153,1347,73,16,0
"18392",64339,0.653903952,261799,328,"iOS","ESTABLISHED",814.3920149,"mel-aus-01",149,1333,58,27,0
"2857",34959,0.677529801,468980,236,"Windows_OS","Others",159.0654371,"mel-aus-01",300,1391,66,17,1
"609",36291,0.748879826,601587,243,"Windows_OS","ESTABLISHED",355.0750526,"syd-tls-04",342,1394,77,24,1
"1948",32720,0.705828219,515284,223,"Windows_OS","Others",434.6549398,"mel-aus-01",246,1338,50,16,1
"408",43763,0.400522578,460690,218,"Windows_OS","ESTABLISHED",784.5553214,"mel-aus-01",141,1346,76,17,1
"1181",25531,0.780858336,472665,285,"Windows_OS","Others",355.27538,"mel-aus-01",273,1306,76,17,1
"2596",36148,0.746350294,503426,253,"Windows_OS","ESTABLISHED",298.56313,"syd-tls-04",299,1345,84,28,1
"756",35526,0.600940186,467695,296,"Windows_OS","ESTABLISHED",639.6820834,"mel-aus-01",292,1339,80,22,1
"375",29902,0.784575263,746886,321,"Windows_OS","Others",462.5693159,"mel-aus-01",391,1345,63,16,1
"1015",38825,0.689737985,466405,327,"Windows_OS","ESTABLISHED",90.84790109,"mel-aus-01",253,1350,79,25,1
"1359",31129,0.527443861,331444,313,"Windows_OS","ESTABLISHED",900.3351535,"syd-tls-04",274,1362,53,23,1
"775",27289,0.633081747,609622,284,"Windows_OS","ESTABLISHED",1362.550356,"syd-tls-04",395,1377,49,24,1
"17",34914,0.781091117,395974,335,"Android","ESTABLISHED",203.5070115,"syd-tls-04",350,1334,56,30,1
"2442",57694,0.609259184,378643,251,"Windows_OS","ESTABLISHED",42.12798539,"mel-aus-01",329,1331,67,23,1
"1493",31102,0.79351198,321238,268,"Android","ESTABLISHED",560.2301485,"syd-tls-04",417,1361,63,29,1
"2273",21841,0.696325859,418914,237,"Android","Others",28.08822093,"mel-aus-01",315,1315,59,14,1
"2272",33878,0.531263202,499131,282,"Android","ESTABLISHED",1051.505992,"syd-tls-04",253,1351,61,23,1
"178",5219,0.762410861,574484,296,"Windows_OS","Others",13.56288503,"syd-tls-04",251,1340,75,15,1
"2330",27987,0.612440314,378928,285,"Android","Others",1304.914982,"syd-tls-04",366,1284,54,26,1
"2443",32055,0.671558581,639907,256,"Android","ESTABLISHED",130.2065074,"mel-aus-01",181,1345,85,19,1
"1541",41595,0.789555495,366521,336,"Android","Others",469.5565442,"syd-tls-04",397,1392,66,18,1
"1247",15732,0.759887025,549493,208,"Windows_OS","Others",406.5902329,"syd-tls-04",238,1324,70,14,1
"2082",46083,0.698520358,452240,331,"Windows_OS","Others",461.0045408,"mel-aus-01",321,1340,66,18,1
"979",33510,0.746186409,436215,270,"Windows_OS","Others",621.6192459,"syd-tls-04",331,1350,61,14,1
"1646",49558,0.600399736,520467,230,"Windows_OS","Others",23.76016864,"mel-aus-01",264,1383,72,17,1
"2479",33207,0.736442254,596621,258,"Windows_OS","ESTABLISHED",215.6183237,"mel-aus-01",359,1372,65,31,1
"1198",36376,0.779510006,608269,267,"Android","ESTABLISHED",200.6903015,"syd-tls-04",342,1325,76,32,1
"1352",33106,0.547140536,396043,295,"Android","Others",231.1894384,"mel-aus-01",245,1344,74,24,1
"164",31810,0.780082042,434266,269,"Windows_OS","ESTABLISHED",344.9755961,"mel-aus-01",368,1346,55,30,1
"1642",37354,0.705070321,519411,271,"Android","ESTABLISHED",194.4380782,"mel-aus-01",272,1334,64,26,1
"2897",25327,0.641345359,565900,256,"Android","ESTABLISHED",547.5336645,"mel-aus-01",242,1405,66,16,1
"582",43073,0.707467985,549838,250,"Windows_OS","Others",497.2978953,"mel-aus-01",238,1385,62,25,1
"2966",28170,0.735681637,456549,292,"Windows_OS","Others",110.537226,"syd-tls-04",323,1355,67,18,1
"1866",24660,0.622596707,582215,295,"Windows_OS","Others",241.3438193,"syd-tls-04",208,1324,59,16,1
"21291",52891,0.62754715,506348,264,"Android","Others",181.4410663,"mel-aus-01",332,1316,62,21,1
"2795",41967,0.594525243,616107,324,"Windows_OS","ESTABLISHED",386.7042135,"syd-tls-04",256,1318,47,17,1
"2102",28231,0.758725112,335384,276,"Windows_OS","Others",546.210109,"mel-aus-01",273,1399,77,16,1
"429",44642,0.588086291,551767,212,"Windows_OS","Others",65.82650207,"mel-aus-01",284,1406,86,20,1
"84",18992,0.735991167,536788,341,"Windows_OS","Others",266.5634675,"mel-aus-01",363,1373,62,16,1
"1520",15281,0.799128633,596687,313,"Android","Others",459.5874939,"syd-tls-04",370,1382,54,17,1
"1851",26428,0.833931528,505710,267,"Android","Others",120.0723062,"mel-aus-01",374,1343,69,17,1
"616",35914,0.621208804,397508,274,"Windows_OS","ESTABLISHED",624.1003958,"syd-tls-04",297,1321,47,19,1
"1188",29124,0.700215645,493544,214,"Windows_OS","Others",117.6442508,"mel-aus-01",345,1362,65,16,1
"619",33995,0.563764096,506113,283,"Windows_OS","Others",233.4287014,"mel-aus-01",248,1362,80,23,1
"905",33544,0.638385615,424909,337,"Windows_OS","Others",541.2537286,"syd-tls-04",291,1325,53,15,1
"1692",37559,0.793626135,531321,337,"Windows_OS","ESTABLISHED",36.63071454,"syd-tls-04",338,1308,64,29,1
"572",27808,0.711242936,396018,255,"Android","Others",147.4232375,"syd-tls-04",307,1321,56,15,1
"790",48431,0.704455163,615278,258,"Android","Others",290.428257,"syd-tls-04",296,1317,69,18,1
"1841",30867,0.622115211,518141,312,"Windows_OS","ESTABLISHED",395.405399,"mel-aus-01",302,1373,53,26,1
"2971",18732,0.758017198,440578,263,"Android","Others",371.1019168,"mel-aus-01",346,1371,58,14,1
"144",30125,0.483384416,531922,177,"Android","ESTABLISHED",999.8725341,"mel-aus-01",257,1334,69,22,1
"1985",36532,0.636835893,472298,210,"Windows_OS","Others",62.88866787,"syd-tls-04",283,1364,67,19,1
"1963",16293,0.843126879,367613,238,"Windows_OS","Others",309.2757073,"mel-aus-01",337,1345,47,14,1
"2787",39836,0.769538117,492879,244,"Android","Others",568.1536226,"mel-aus-01",388,1330,56,18,1
"978",35811,0.611214769,394672,298,"iOS","Others",50.78697149,"mel-aus-01",268,1314,85,24,1
"1637",39235,0.640021428,588265,336,"Windows_OS","ESTABLISHED",564.3871767,"mel-aus-01",273,1311,57,23,1
"357",39129,0.700934687,501413,316,"Windows_OS","ESTABLISHED",220.307919,"syd-tls-04",279,1303,54,23,1
"601",26737,0.717598277,492323,230,"iOS","Others",187.4640623,"mel-aus-01",309,1373,66,15,1
"2493",16128,0.731950719,446742,293,"Windows_OS","Others",22.36937788,"syd-tls-04",314,1335,50,16,1
"2763",30170,0.699694056,472686,298,"Windows_OS","Others",72.27737251,"mel-aus-01",263,1360,62,16,1
"2597",NA,0.753678825,364170,242,"Windows_OS","Others",44.51975028,"mel-aus-01",274,1364,63,13,1
"1666",31610,0.656232615,505463,278,"Windows_OS","ESTABLISHED",464.6618567,"mel-aus-01",313,1340,63,28,1
"2194",42563,0.557693423,191794,278,"Windows_OS","Others",91.66976846,"mel-aus-01",232,1370,70,17,1
"695",36090,0.739818154,414660,275,"Windows_OS","Others",438.139496,"mel-aus-01",297,1351,68,29,1
"521",34314,0.57716063,664591,316,"Android","Others",259.6045594,"mel-aus-01",230,1375,63,16,1
"1436",37552,0.652570134,433821,291,"Windows_OS","Others",85.04571986,"syd-tls-04",288,1364,60,25,1
"1976",NA,0.539459019,484109,358,"Windows_OS","Others",155.8739315,"mel-aus-01",231,1345,74,22,1
"2197",48531,0.697017253,431472,183,"iOS","Others",332.3167177,"mel-aus-01",275,1365,61,18,1
"1626",23403,0.809087442,396651,298,"Windows_OS","Others",629.5472467,"mel-aus-01",366,1342,78,16,1
"2270",37940,0.67222558,522137,300,"Windows_OS","Others",67.75738001,"mel-aus-01",284,1368,69,18,1
"549",39771,0.716875023,461084,246,"Windows_OS","ESTABLISHED",200.6365369,"mel-aus-01",248,1297,78,27,1
"1157",32989,0.676884083,578425,310,"Windows_OS","ESTABLISHED",438.6578687,"syd-tls-04",338,1357,59,25,1
"2363",42212,0.636363293,513527,271,"Windows_OS","Others",448.8103248,"syd-tls-04",186,1343,71,21,1
"718",30165,0.691821922,516819,270,"Windows_OS","Others",1386.766328,"syd-tls-04",392,1260,69,23,1
"2258",37085,0.643911283,394632,258,"Windows_OS","ESTABLISHED",276.3732648,"syd-tls-04",274,1298,55,25,1
"1590",40078,0.729462465,419982,244,"Android","Others",532.4096806,"syd-tls-04",396,1406,68,18,1
"2119",32468,0.662984883,491557,233,"Android","Others",30.588477,"mel-aus-01",302,1288,66,15,1
"1271",39924,0.652048908,427323,252,"Windows_OS","Others",292.7622468,"mel-aus-01",265,1337,82,15,1
"2762",31271,0.546032334,348782,195,"Android","ESTABLISHED",943.5638006,"mel-aus-01",274,1388,62,24,1
"2301",34960,0.643157192,392407,287,"Android","ESTABLISHED",206.5701433,"syd-tls-04",244,1346,52,20,1
"115",35978,0.772617565,413699,268,"Windows_OS","ESTABLISHED",393.5765851,"mel-aus-01",338,1368,56,28,1
"1212",32769,0.651832904,519420,299,"Windows_OS","Others",66.72229881,"mel-aus-01",262,1372,80,15,1
"27",43158,0.710728766,527988,228,"Windows_OS","Others",645.0740216,"mel-aus-01",226,1333,50,28,1
"286",38639,0.744667674,442695,202,"Android","ESTABLISHED",251.273694,"mel-aus-01",307,1373,64,25,1
"2675",38856,0.713815363,425923,244,"Windows_OS","ESTABLISHED",114.0911312,"syd-tls-04",278,1360,61,28,1
"2064",31187,0.749699335,600932,205,"Android","Others",261.3860315,"syd-tls-04",312,1348,67,13,1
"2630",37432,0.761194897,478851,205,"Android","ESTABLISHED",457.9503617,"mel-aus-01",294,1333,61,30,1
"949",32690,0.776617689,522064,283,"Android","Others",419.5181051,"mel-aus-01",323,1344,61,19,1
"93",27795,0.619683341,329043,198,"Windows_OS","Others",101.1373271,"syd-tls-04",206,1297,64,20,1
"788",35422,0.631142609,446164,301,"Windows_OS","ESTABLISHED",302.1818056,"mel-aus-01",269,1394,81,25,1
"1974",34653,0.720265022,548960,244,"Android","Others",384.2717201,"syd-tls-04",308,1393,56,15,1
"2961",37727,0.682453398,349697,250,"Android","ESTABLISHED",94.73616029,"mel-aus-01",276,1335,75,25,1
"151",33988,0.654105008,406745,289,"Windows_OS","ESTABLISHED",54.94954404,"syd-tls-04",270,1367,58,26,1
"2626",33134,0.627288136,470688,293,"Windows_OS","ESTABLISHED",568.4636992,"syd-tls-04",271,1404,80,23,1
"2638",38013,0.73595433,373609,224,"iOS","ESTABLISHED",401.2423959,"mel-aus-01",298,1381,82,27,1
"1782",38132,0.666878389,346140,237,"Windows_OS","Others",297.4619228,"mel-aus-01",299,1365,57,20,1
"479",40606,0.721768766,510213,174,"Android","Others",688.4632406,"syd-tls-04",345,1327,62,16,1
"604",36721,0.673801562,341384,248,"Android","ESTABLISHED",652.1851629,"mel-aus-01",312,1415,70,21,1
"452",36010,0.752813202,554132,247,"Windows_OS","Others",535.8778549,"mel-aus-01",319,1381,64,19,1
"2480",40113,0.646628778,568923,210,"Windows_OS","Others",728.6128815,"mel-aus-01",204,1415,75,23,1
"1127",33216,0.573376232,684082,304,"Windows_OS","Others",15.04738074,"mel-aus-01",247,1356,78,17,1
"2810",38350,0.695034267,540098,375,"Windows_OS","Others",233.3481507,"mel-aus-01",317,1376,76,17,1
"1311",44530,0.664217403,545062,308,"Android","Others",171.3827766,"syd-tls-04",358,1406,58,16,1
"813",35711,0.57066618,511299,182,"Android","ESTABLISHED",528.4190054,"syd-tls-04",259,1335,88,21,1
"1282",36096,0.683003746,577931,258,"Windows_OS","ESTABLISHED",136.2167714,"syd-tls-04",275,1330,68,29,1
"2548",35511,0.666373147,430337,246,"Windows_OS","ESTABLISHED",167.4474871,"syd-tls-04",260,1371,71,27,1
"1511",40130,0.721900619,536201,283,"Windows_OS","ESTABLISHED",278.9821803,"mel-aus-01",263,1323,51,28,1
"2090",38339,0.622822696,630427,334,"Windows_OS","Others",192.2206143,"syd-tls-04",259,1341,64,18,1
"839",49257,0.574833047,450501,363,"Windows_OS","Others",202.9050672,"mel-aus-01",252,1369,66,19,1
"681",39699,0.762704059,417244,239,"Android","Others",740.8959535,"mel-aus-01",273,1403,68,28,1
"819",49265,0.595054337,604058,259,"Android","Others",122.655749,"mel-aus-01",262,1341,64,19,1
"1146",36941,0.75788384,425867,253,"Windows_OS","ESTABLISHED",218.2577862,"mel-aus-01",312,1357,42,31,1
"1059",30872,0.831031205,504066,288,"Android","Others",536.8176431,"mel-aus-01",365,1366,60,18,1
"1756",37284,0.666449434,552995,170,"Windows_OS","ESTABLISHED",55.52915683,"mel-aus-01",278,1406,56,28,1
"1097",42492,0.743417032,433115,299,"Android","Others",788.1749203,"mel-aus-01",259,1351,55,27,1
"2457",38774,0.723359603,464378,342,"Windows_OS","ESTABLISHED",114.1336983,"mel-aus-01",310,1356,48,24,1
"1855",34712,0.587287528,507486,288,"Windows_OS","Others",279.5418081,"syd-tls-04",121,1384,65,12,1
"480",19105,0.584124958,606743,236,"Windows_OS","Others",52.62048888,"mel-aus-01",238,1381,53,15,1
"891",32561,0.592934986,358845,269,"iOS","ESTABLISHED",775.6680403,"syd-tls-04",302,1300,60,27,1
"1548",31696,0.823669698,434461,236,"Android","Others",218.3011449,"syd-tls-04",340,1360,60,15,1
"2337",44290,0.684687272,550762,263,"Windows_OS","ESTABLISHED",177.8645571,"syd-tls-04",234,1374,69,24,1
"472",27358,0.672307771,465077,224,"Windows_OS","Others",79.65845111,"syd-tls-04",307,1304,62,16,1
"958",42133,0.652289376,433481,284,"Windows_OS","Others",340.8249512,"mel-aus-01",222,1344,79,18,1
"914",31601,0.62885753,483023,268,"iOS","ESTABLISHED",578.076984,"mel-aus-01",308,1391,52,25,1
"186",26437,0.643728219,488219,230,"Android","Others",111.6746293,"syd-tls-04",254,1288,61,16,1
"1305",46076,0.638237085,575779,235,"Windows_OS","Others",38.24030907,"syd-tls-04",302,1373,67,14,1
"1892",31046,0.601417245,377260,252,"Android","Others",1335.168323,"syd-tls-04",326,1303,61,22,1
"401",44177,0.601243747,411821,282,"Windows_OS","Others",24.78800265,"syd-tls-04",272,1323,52,18,1
"1025",20525,0.718305645,348604,173,"Windows_OS","Others",177.8438472,"mel-aus-01",274,1378,65,17,1
"2930",40107,0.760838918,609045,224,"Android","ESTABLISHED",13.11269558,"mel-aus-01",291,1359,56,26,1
"1510",49120,0.523289691,602355,250,"Windows_OS","Others",147.2995377,"mel-aus-01",285,1375,66,20,1
"1430",37378,0.680328482,550415,266,"Android","Others",306.1427828,"mel-aus-01",267,1351,69,28,1
"909",35360,0.70648663,486490,276,"Android","Others",142.5311904,"mel-aus-01",356,1363,73,18,1
"641",25408,0.739293959,457879,314,"Windows_OS","Others",430.3489165,"syd-tls-04",329,1349,67,17,1
"1251",36118,0.631300424,599973,315,"Windows_OS","Others",63.67611877,"mel-aus-01",257,1356,65,24,1
"1080",30950,0.69168231,615358,171,"Android","Others",350.9921015,"mel-aus-01",294,1400,54,19,1
"1165",39468,0.678125346,658738,274,"Windows_OS","Others",161.4993098,"mel-aus-01",252,1415,69,24,1
"1783",37877,0.632692962,367623,356,"Windows_OS","Others",244.8198937,"mel-aus-01",370,1362,34,19,1
"872",35871,0.655839084,420711,249,"Windows_OS","ESTABLISHED",578.2726977,"syd-tls-04",312,1369,67,24,1
"2633",37209,0.599284888,335919,240,"iOS","ESTABLISHED",285.799338,"mel-aus-01",232,1404,58,24,1
"1308",35316,0.631473948,620999,270,"Android","ESTABLISHED",373.3789732,"mel-aus-01",298,1345,64,23,1
"2323",32362,0.611435142,412901,258,"Windows_OS","ESTABLISHED",656.6810241,"mel-aus-01",298,1335,63,26,1
"2",34184,0.560591188,503760,180,"Windows_OS","ESTABLISHED",518.7178231,"mel-aus-01",281,1325,66,22,1
"382",33661,0.702036823,390008,189,"Android","Others",616.9772157,"syd-tls-04",295,1331,63,13,1
"579",33605,0.689801041,488622,296,"Windows_OS","Others",123.6717276,"mel-aus-01",320,1333,61,18,1
"2568",34612,0.527886512,500287,250,"Windows_OS","ESTABLISHED",1094.865634,"syd-tls-04",271,1360,62,20,1
"2692",48071,0.538874709,407243,275,"Windows_OS","Others",242.8627938,"mel-aus-01",234,1314,62,19,1
"149",34127,0.605201937,349375,276,"iOS","ESTABLISHED",1170.132257,"mel-aus-01",309,1366,75,22,1
"2768",42660,0.567833374,409479,253,"Windows_OS","Others",138.5553322,"mel-aus-01",245,1329,77,18,1
"2931",38025,0.801784619,472709,196,"Windows_OS","Others",252.0842976,"mel-aus-01",388,1356,53,22,1
"1536",39532,0.622957987,419414,265,"Windows_OS","Others",168.4679128,"mel-aus-01",332,1320,61,17,1
"241",48568,0.687459313,428978,220,"Windows_OS","Others",359.2900182,"mel-aus-01",355,1372,58,19,1
"1816",35998,0.686806245,490991,349,"Android","Others",611.5481631,"mel-aus-01",249,1312,60,30,1
"1904",32050,0.564633983,238297,264,"Windows_OS","ESTABLISHED",1314.893498,"syd-tls-04",314,1326,75,22,1
"1111",43228,0.631396885,454623,233,"Windows_OS","Others",5.871700644,"syd-tls-04",273,1380,73,19,1
"81",36597,0.729405704,436950,269,"Android","ESTABLISHED",30.26271273,"mel-aus-01",281,1388,59,28,1
"605",28905,0.609733576,498123,210,"Windows_OS","ESTABLISHED",1075.654115,"mel-aus-01",326,1398,62,26,1
"1218",35448,0.706900457,416170,318,"iOS","ESTABLISHED",245.3558367,"mel-aus-01",301,1386,67,29,1
"2236",41823,0.730486224,555401,391,"Windows_OS","Others",496.3285378,"mel-aus-01",268,1358,72,27,1
"964",45256,0.617548102,596373,232,"Windows_OS","Others",180.2445538,"syd-tls-04",306,1337,75,19,1
"2141",40354,0.708386959,470694,126,"Android","ESTABLISHED",139.7751065,"mel-aus-01",268,1352,56,25,1
"2805",36657,0.672502844,414704,381,"Windows_OS","Others",25.3209023,"mel-aus-01",311,1333,68,24,1
"95",26169,0.71415916,431852,242,"Android","Others",228.8845983,"mel-aus-01",342,1356,66,16,1
"1698",26748,0.676439972,572935,340,"Android","Others",177.550135,"syd-tls-04",286,1357,59,14,1
"1809",26136,0.68404327,564444,232,"Android","Others",101.9024344,"mel-aus-01",294,1319,58,13,1
"1540",38270,0.692631242,357100,307,"Windows_OS","ESTABLISHED",50.67262625,"syd-tls-04",303,1332,63,26,1
"2619",39596,0.790402954,482100,226,"iOS","ESTABLISHED",391.3130621,"syd-tls-04",279,1338,56,32,1
"1557",36189,0.627783642,411211,311,"Android","Others",46.91634749,"syd-tls-04",279,1307,48,17,1
"2783",42249,0.654400208,448629,267,"Android","Others",143.6610607,"mel-aus-01",279,1325,63,13,1
"628",32825,0.768864681,385640,219,"Android","Others",225.0094639,"syd-tls-04",313,1323,68,19,1
"1981",39477,0.722507133,426721,302,"Windows_OS","Others",399.7629924,"mel-aus-01",271,1364,65,26,1
"342",NA,0.538963232,474026,325,"Android","Others",97.98751249,"mel-aus-01",259,1331,64,22,1
"2254",42772,0.639417886,455736,281,"Android","Others",165.8868607,"syd-tls-04",271,1385,64,17,1
"1029",15684,0.672820868,520892,302,"Windows_OS","Others",54.77387056,"mel-aus-01",276,1358,65,15,1
"2754",30977,0.596552169,420870,282,"Windows_OS","ESTABLISHED",689.1020652,"syd-tls-04",293,1312,64,27,1
"1499",32521,0.685091023,562084,256,"Windows_OS","Others",34.684946,"mel-aus-01",361,1356,79,16,1
"279",31954,0.651984714,576121,286,"Windows_OS","ESTABLISHED",753.5815902,"syd-tls-04",372,1355,50,27,1
"1017",36846,0.767728386,586845,238,"Windows_OS","Others",130.1625141,"mel-aus-01",291,1294,73,33,1
"1348",35857,0.688447697,607346,340,"Android","Others",55.87133868,"mel-aus-01",297,1305,59,18,1
"1869",44724,0.67130992,544571,298,"Windows_OS","Others",416.1381117,"mel-aus-01",310,1350,68,16,1
"2731",29429,0.591891762,306250,289,"Windows_OS","Others",57.21678948,"syd-tls-04",252,1326,62,17,1
"2300",39315,0.575401384,484628,280,"Android","Others",292.367934,"syd-tls-04",255,1412,76,20,1
"821",38531,0.751000665,772191,292,"iOS","Others",654.7459009,"mel-aus-01",281,1336,75,29,1
"744",51402,0.617107052,577561,293,"Windows_OS","Others",50.86638384,"mel-aus-01",286,1359,80,18,1
"488",40225,0.630751331,514604,304,"Android","Others",174.4264307,"mel-aus-01",258,1331,78,17,1
"1979",NA,0.651906776,612407,244,"Android","Others",131.1224079,"syd-tls-04",231,1417,78,17,1
"2540",34945,0.606902472,460181,236,"Windows_OS","Others",273.9363236,"mel-aus-01",274,1384,62,21,1
"1955",35146,0.634838177,628372,198,"Windows_OS","ESTABLISHED",6.304101072,"mel-aus-01",245,1328,53,28,1
"2393",27294,0.534076852,492995,266,"Windows_OS","Others",NA,"syd-tls-04",331,1320,70,23,1
"1631",31908,0.570256201,465731,290,"Windows_OS","ESTABLISHED",525.3506497,"mel-aus-01",253,1353,84,25,1
"2800",37192,0.649992753,417868,218,"Android","ESTABLISHED",83.20374955,"mel-aus-01",248,1393,68,27,1
"570",34519,0.616670258,547679,298,"Windows_OS","ESTABLISHED",219.2507992,"syd-tls-04",272,1300,62,24,1
"1810",35581,0.574172398,555710,214,"Windows_OS","Others",161.8922014,"syd-tls-04",260,1334,56,26,1
"807",34064,0.638925243,641173,232,"Windows_OS","ESTABLISHED",440.1035913,"mel-aus-01",278,1352,80,26,1
"75",33162,0.649072774,495722,319,"iOS","Others",1073.726009,"syd-tls-04",303,1326,53,22,1
"2025",30769,0.482073825,297460,181,"iOS","ESTABLISHED",1588.787692,"mel-aus-01",291,1343,64,20,1
"992",30297,0.512770722,529032,306,"Android","ESTABLISHED",1177.56456,"mel-aus-01",287,1378,43,20,1
"1995",35461,0.596665039,529606,331,"Windows_OS","Others",93.34168003,"mel-aus-01",251,1401,53,18,1
"223",35307,0.715013223,502379,317,"Android","ESTABLISHED",395.9547903,"mel-aus-01",336,1431,75,26,1
"328",30770,0.6638504,445992,255,"Android","Others",192.0031872,"mel-aus-01",230,1377,59,16,1
"917",18971,0.758728748,665426,246,"Windows_OS","Others",25.45554483,"mel-aus-01",258,1339,59,18,1
"2996",35014,0.65362723,562681,316,"Android","ESTABLISHED",69.40134547,"mel-aus-01",286,1302,66,25,1
"1785",49096,0.529640302,525410,275,"Windows_OS","Others",168.1305362,"syd-tls-04",261,1314,79,14,1
"677",48429,0.604766687,390130,291,"Windows_OS","Others",167.0980968,"mel-aus-01",295,1362,69,20,1
"237",33722,0.63553084,400215,289,"Windows_OS","ESTABLISHED",353.6465017,"mel-aus-01",282,1366,70,26,1
"1362",36256,0.671030711,363971,349,"Android","ESTABLISHED",439.3078705,"mel-aus-01",295,1348,71,25,1
"455",37698,0.601740166,603195,335,"Android","Others",160.1219397,"syd-tls-04",226,1379,59,18,1
"444",33863,0.645679819,570770,258,"Windows_OS","ESTABLISHED",388.4556225,"mel-aus-01",293,1401,81,25,1
"464",35907,0.74688392,694227,220,"Windows_OS","Others",545.9397862,"mel-aus-01",381,1308,64,19,1
"2644",28277,0.713983429,509367,289,"Windows_OS","Others",91.35000291,"mel-aus-01",269,1405,52,17,1
"764",32689,0.732404353,719827,283,"Windows_OS","Others",227.14042,"mel-aus-01",334,1387,68,17,1
"1878",34286,0.733155056,569992,319,"Windows_OS","ESTABLISHED",182.88902,"mel-aus-01",332,1380,66,31,1
"1986",37058,0.638018355,590196,309,"Windows_OS","Others",1028.372141,"mel-aus-01",277,1334,70,22,1
"2364",38399,0.668123423,420536,235,"iOS","ESTABLISHED",334.2416299,"mel-aus-01",291,1378,63,23,1
"2901",41273,0.885428973,491734,283,"Windows_OS","ESTABLISHED",970.29591,"syd-tls-04",325,1370,67,34,1
"1163",40933,0.752005618,379531,242,"Android","Others",354.8946094,"syd-tls-04",285,1372,62,18,1
"889",30879,0.527893144,493868,238,"Android","ESTABLISHED",877.1979188,"syd-tls-04",280,1326,62,21,1
"2229",36662,0.710452153,606828,293,"Windows_OS","ESTABLISHED",320.582844,"syd-tls-04",329,1361,58,22,1
"801",40368,0.724559858,300030,205,"Android","Others",176.7077402,"syd-tls-04",328,1343,57,20,1
"1060",36380,0.644987879,432132,304,"Android","ESTABLISHED",396.2178236,"mel-aus-01",275,1375,58,24,1
"14",39283,0.58608442,558900,308,"Android","Others",36.53672129,"syd-tls-04",276,1333,64,19,1
"2417",38879,0.655627503,628242,309,"Android","Others",96.86452649,"syd-tls-04",251,1359,53,17,1
"560",20524,0.707968938,473332,202,"Windows_OS","Others",120.1778556,"mel-aus-01",303,1348,69,14,1
"785",38297,0.58500301,648490,298,"Windows_OS","Others",200.050999,"mel-aus-01",243,1343,57,18,1
"1468",33989,0.652329191,577611,304,"Windows_OS","ESTABLISHED",357.3914987,"mel-aus-01",280,1365,70,26,1
"715",33897,0.500304817,488788,342,"Android","ESTABLISHED",785.3323872,"mel-aus-01",237,1395,59,22,1
"2863",37206,0.618680499,612152,282,"Windows_OS","ESTABLISHED",115.7513956,"syd-tls-04",257,1343,54,25,1
"1416",31193,0.602866635,565396,233,"Windows_OS","Others",152.0668197,"mel-aus-01",222,1388,57,16,1
"416",26710,0.605007393,277286,320,"Windows_OS","Others",390.8098129,"mel-aus-01",231,1394,44,13,1
"2008",31097,0.646118145,528770,215,"Android","Others",167.8654565,"mel-aus-01",241,1327,60,17,1
"2702",43558,0.915896108,520165,308,"Windows_OS","ESTABLISHED",1079.149385,"syd-tls-04",290,1381,72,32,1
"1281",25173,0.635759419,606765,222,"Android","Others",88.10404075,"syd-tls-04",299,1373,66,14,1
"1537",35855,0.609310058,575983,250,"Android","Others",190.497987,"mel-aus-01",290,1389,60,21,1
"148",NA,0.675423403,510753,226,"Windows_OS","ESTABLISHED",287.5345386,"syd-tls-04",283,1382,75,24,1
"433",30199,0.592764952,545133,308,"Android","ESTABLISHED",1109.892327,"mel-aus-01",299,1376,60,25,1
"1500",20239,0.628817236,615108,218,"Windows_OS","Others",309.4247632,"syd-tls-04",229,1285,64,13,1
"898",45627,0.539359545,490987,194,"iOS","ESTABLISHED",684.8835511,"mel-aus-01",238,1315,70,19,1
"21",37039,0.609913654,449491,153,"Android","Others",408.0967951,"syd-tls-04",244,1308,48,25,1
"293",36621,0.720319498,521450,236,"Windows_OS","ESTABLISHED",6.764060631,"mel-aus-01",296,1335,61,29,1
"1156",36571,0.557533513,511314,268,"Android","ESTABLISHED",492.1580867,"syd-tls-04",230,1341,72,21,1
"94",40035,0.764060059,452083,275,"Android","Others",789.0032211,"mel-aus-01",354,1397,62,17,1
"42",36308,0.707865367,463492,329,"Android","ESTABLISHED",385.5948389,"syd-tls-04",312,1369,63,24,1
"294",38495,0.636051989,700142,169,"Android","Others",165.4690925,"syd-tls-04",279,1361,79,19,1
"216",42358,0.80878243,525213,301,"Windows_OS","ESTABLISHED",483.6649911,"mel-aus-01",271,1378,74,30,1
"1481",32271,0.663181241,413361,285,"Windows_OS","Others",1050.070995,"mel-aus-01",358,1371,69,25,1
"757",34844,0.671626289,604318,171,"Windows_OS","ESTABLISHED",226.9083887,"mel-aus-01",296,1313,66,28,1
"339",40958,0.656002751,432517,241,"Windows_OS","Others",400.3516072,"syd-tls-04",323,1331,77,18,1
"1650",29698,0.592091418,528986,193,"iOS","ESTABLISHED",924.2778416,"syd-tls-04",270,1344,64,25,1
"1996",36828,0.668641935,350151,300,"Windows_OS","Others",122.9001988,"mel-aus-01",334,1349,63,19,1
"673",37048,0.719640009,382597,270,"Windows_OS","ESTABLISHED",430.120243,"mel-aus-01",250,1303,58,31,1
"2791",36863,0.771353579,620688,281,"Android","Others",298.6464069,"syd-tls-04",359,1307,82,19,1
"2803",34265,0.742600246,498559,225,"Android","Others",267.8570463,"syd-tls-04",243,1323,69,18,1
"2503",35681,0.739083459,426200,308,"Android","ESTABLISHED",141.8958307,"syd-tls-04",335,1363,75,30,1
"2865",40323,0.729924265,617900,379,"Windows_OS","Others",240.4267733,"mel-aus-01",373,1307,60,20,1
"543",29759,0.811837734,496436,216,"Windows_OS","Others",467.0822923,"mel-aus-01",361,1361,66,17,1
"2406",42248,0.639480652,407795,213,"Android","Others",361.7004854,"syd-tls-04",295,1349,60,18,1
"1373",38729,0.746939984,567069,347,"Android","Others",508.8613265,"syd-tls-04",363,1349,64,18,1
"2759",25389,0.666832838,523412,318,"Android","Others",19.88781522,"mel-aus-01",188,1386,55,18,1
"1694",38247,0.644091594,502792,259,"Android","Others",143.8406901,"syd-tls-04",261,1284,64,17,1
"2195",39245,0.725829414,505561,214,"Android","ESTABLISHED",13.94844767,"mel-aus-01",282,1347,48,25,1
"707",47285,0.596611206,426857,234,"Android","ESTABLISHED",176.441856,"mel-aus-01",203,1300,73,19,1
"587",37180,0.690580935,658759,274,"Android","ESTABLISHED",158.0308419,"mel-aus-01",257,1354,79,26,1
"2505",39396,0.629783901,662443,227,"Windows_OS","Others",126.225892,"mel-aus-01",285,1367,86,17,1
"1528",36044,0.735547285,484582,364,"Android","ESTABLISHED",523.6282186,"syd-tls-04",314,1319,60,25,1
"2178",47611,0.523036933,595459,220,"Windows_OS","Others",336.8328835,"mel-aus-01",253,1318,62,19,1
"2242",34668,0.706049528,507905,290,"Android","ESTABLISHED",80.14613981,"mel-aus-01",318,1304,61,30,1
"804",36317,0.650168744,616648,331,"Android","ESTABLISHED",359.2491362,"mel-aus-01",240,1286,71,26,1
"2696",54430,0.60913398,474209,273,"Windows_OS","Others",77.58145403,"syd-tls-04",279,1387,47,18,1
"1133",34716,0.671812085,220742,287,"Android","ESTABLISHED",10.46389179,"syd-tls-04",301,1366,79,28,1
"1075",32313,0.603496722,431138,220,"iOS","ESTABLISHED",488.7521038,"syd-tls-04",260,1381,64,26,1
"2152",37500,0.70191272,641457,233,"iOS","ESTABLISHED",115.0024976,"mel-aus-01",270,1349,74,18,1
"1587",32484,0.529985887,598382,227,"Android","ESTABLISHED",778.2719444,"mel-aus-01",244,1365,72,23,1
"396",36052,0.672504899,467443,315,"Android","ESTABLISHED",212.9110552,"mel-aus-01",276,1321,65,27,1
"662",39009,0.73223801,NA,349,"Android","Others",712.3037836,"mel-aus-01",261,1326,57,29,1
"2843",40085,0.690744697,333278,363,"Android","Others",262.8926039,"mel-aus-01",291,1319,59,17,1
"1526",35814,0.670938112,525296,177,"iOS","ESTABLISHED",208.6436238,"mel-aus-01",279,1376,55,24,1
"392",39024,0.734700925,608985,272,"iOS","Others",628.2740324,"mel-aus-01",257,1321,48,30,1
"2354",32240,0.612926675,476908,347,"Windows_OS","ESTABLISHED",512.1296225,"syd-tls-04",313,1366,57,26,1
"980",30238,0.691032485,586725,250,"Android","Others",920.5620573,"mel-aus-01",326,1359,62,30,1
"138",37475,0.698271974,515602,257,"Windows_OS","Others",410.6459454,"syd-tls-04",325,1348,NA,19,1
"2313",39702,0.746311722,473100,283,"Windows_OS","ESTABLISHED",154.8602232,"mel-aus-01",278,1363,52,26,1
"2352",41859,0.775926885,312904,294,"Windows_OS","Others",1156.858167,"syd-tls-04",231,1360,68,29,1
"22",24642,0.547979854,472767,249,"iOS","ESTABLISHED",1368.970228,"mel-aus-01",354,1363,58,25,1
"1659",29230,0.624221697,313667,266,"Windows_OS","Others",342.320825,"mel-aus-01",221,1310,67,15,1
"340",37099,0.701947429,444632,337,"Android","ESTABLISHED",122.7027827,"syd-tls-04",296,1337,62,25,1
"1849",25525,0.611721178,416780,179,"Windows_OS","Others",260.7678754,"mel-aus-01",234,1318,61,15,1
"2586",34739,0.707334423,601890,316,"Windows_OS","Others",362.789181,"mel-aus-01",359,1308,74,19,1
"413",45403,0.666306211,395581,390,"Windows_OS","Others",67.20155867,"syd-tls-04",354,1354,60,18,1
"2564",37392,0.747123003,552376,243,"Windows_OS","ESTABLISHED",533.8640886,"syd-tls-04",331,1374,63,24,1
"2941",25327,0.695639438,553929,243,"Android","Others",390.4639711,"mel-aus-01",255,1385,67,17,1
"3005",41930,0.691004347,284622,168,"Windows_OS","ESTABLISHED",320.2512606,"syd-tls-04",251,1351,72,26,1
"1799",31221,0.690046561,489009,236,"Android","Others",2.045362269,"mel-aus-01",272,1385,61,16,1
"2859",36974,0.595197938,556440,193,"Android","Others",57.98763427,"mel-aus-01",223,1345,61,25,1
"1964",27809,0.542664592,300942,182,"Android","ESTABLISHED",1324.332286,"syd-tls-04",330,1408,76,21,1
"820",36625,0.663396369,491760,256,"Android","ESTABLISHED",55.41634466,"syd-tls-04",239,1346,84,28,1
"885",39534,0.741910707,456924,230,"Windows_OS","Others",725.5725703,"mel-aus-01",262,1301,64,29,1
"1553",35031,0.663494788,652929,210,"Android","Others",113.1118954,"mel-aus-01",363,1330,70,18,1
"2237",38682,0.710140623,355374,196,"Windows_OS","ESTABLISHED",149.2675295,"mel-aus-01",293,1351,78,24,1
"406",37130,0.718971039,306551,279,"iOS","Others",152.5075334,"syd-tls-04",330,1368,52,18,1
"256",31664,0.553610114,343194,194,"Windows_OS","ESTABLISHED",663.7710838,"syd-tls-04",308,1367,84,21,1
"2277",30781,0.555695471,523370,256,"Android","Others",NA,"mel-aus-01",351,1355,59,19,1
